StationName,Latitude,Longitude,line_name,metroTraffic_2021,Entertainment_Attraction,Health_Attraction,Education_Attraction,Entertainment_Distance(m),Health_Distance(m),Education_Distance(m),Entertainment_WalkingDuration(min),Health_WalkingDuration(min),Education_WalkingDuration(min),Entertainment_Latitude,Entertainment_longitude,Health_Latitude,Health_longitude,Education_Latitude,Education_longitude,Jan.Morning,Jan.Night,Feb.Morning,Feb.Night,Mar.Morning,Mar.Night,Apr.Morning,Apr.Night,May.Morning,May.Night,Jun.Morning,Jun.Night,Jul.Morning,Jul.Night,Aug.Morning,Aug.Night,Sep.Morning,Sep.Night,Oct.Morning,Oct.Night,Nov.Morning,Nov.Night,Dec.Morning,Dec.Night,Distance_per_Minute,Entertainment_Walkable(yes/no),Health_Walkable(yes/no),Education_Walkable(yes/no)
Pinar de Chamartin,4048013631,-366706111,Linea 1,6.222.074,,,,,,,,,,,,,,,,6,5,7,7,10,10,12,13,17,17,23,23,27,27,26,26,20,21,16,16,10,9,6,5,,,,
Pinar de Chamartin,4048013631,-366706111,Linea 2,6.222.075,,,,,,,,,,,,,,,,6,5,7,7,10,10,12,13,17,17,23,23,27,27,26,26,20,21,16,16,10,9,6,5,,,,
Pinar de Chamartin,4048013631,-366706111,Linea 3,6.222.076,,,,,,,,,,,,,,,,6,5,7,7,10,10,12,13,17,17,23,23,27,27,26,26,20,21,16,16,10,9,6,5,,,,
Pinar de Chamartin,4048013631,-366706111,Linea 4,6.222.077,,,,,,,,,,,,,,,,6,5,7,7,10,10,12,13,17,17,23,23,27,27,26,26,20,21,16,16,10,9,6,5,,,,
Pinar de Chamartin,4048013631,-366706111,Linea 5,6.222.078,,,,,,,,,,,,,,,,6,5,7,7,10,10,12,13,17,17,23,23,27,27,26,26,20,21,16,16,10,9,6,5,,,,
Pinar de Chamartin,4048013631,-366706111,Linea 6,6.222.079,,,,,,,,,,,,,,,,6,5,7,7,10,10,12,13,17,17,23,23,27,27,26,26,20,21,16,16,10,9,6,5,,,,
Pinar de Chamartin,4048013631,-366706111,Linea 7,6.222.080,,,,,,,,,,,,,,,,6,5,7,7,10,10,12,13,17,17,23,23,27,27,26,26,20,21,16,16,10,9,6,5,,,,
Pinar de Chamartin,4048013631,-366706111,Linea 8,6.222.081,,,,,,,,,,,,,,,,6,5,7,7,10,10,12,13,17,17,23,23,27,27,26,26,20,21,16,16,10,9,6,5,,,,
Pinar de Chamartin,4048013631,-366706111,Linea 9,6.222.082,,,,,,,,,,,,,,,,6,5,7,7,10,10,12,13,17,17,23,23,27,27,26,26,20,21,16,16,10,9,6,5,,,,
Pinar de Chamartin,4048013631,-366706111,Linea 10,6.222.083,,,,,,,,,,,,,,,,6,5,7,7,10,10,12,13,17,17,23,23,27,27,26,26,20,21,16,16,10,9,6,5,,,,
Pinar de Chamartin,4048013631,-366706111,Linea 11,6.222.084,,,,,,,,,,,,,,,,6,5,7,7,10,10,12,13,17,17,23,23,27,27,26,26,20,21,16,16,10,9,6,5,,,,
Pinar de Chamartin,4048013631,-366706111,Linea 12,6.222.085,,,,,,,,,,,,,,,,6,5,7,7,10,10,12,13,17,17,23,23,27,27,26,26,20,21,16,16,10,9,6,5,,,,
Tribunal,4042613342,-370116243,Linea 1,13.521.895,Museo del Romanticismo,Hospital Nuestra Señora del Rosario,Wild Code School ,350,2100,300,4,31,4,40.42600106,-3.699051602,40.4321809,-3.679611852,40.42763015,-3.698258141,6,5,7,7,10,10,12,13,17,17,23,23,27,27,26,26,20,21,16,16,10,9,6,5,,,,
Gran Vía,4041987424,-3701613041,Linea 1,7.180.340,,,,,,,,,,,,,,,,6,5,7,7,10,10,12,13,17,17,23,23,27,27,26,26,20,21,16,16,10,9,6,5,,,,
Sol,4041686834,-3702793213,Linea 1,49.567.085,,,,,,,,,,,,,,,,6,5,7,7,10,10,12,13,17,17,23,23,27,27,26,26,20,21,16,16,10,9,6,5,,,,
Tirso de Molina,4041237559,-3704359623,Linea 1,5.317.945,,,,,,,,,,,,,,,,6,5,7,7,10,10,12,13,17,17,23,23,27,27,26,26,20,21,16,16,10,9,6,5,,,,
Antón Martín,4041248995,-3699402901,Linea 1,3.642.276,,,,,,,,,,,,,,,,6,5,7,7,10,10,12,13,17,17,23,23,27,27,26,26,20,21,16,16,10,9,6,5,,,,
Estación del Arte,4040900991,-3692514988,Linea 1,3.000.335,,,,,,,,,,,,,,,,6,5,7,7,10,10,12,13,17,17,23,23,27,27,26,26,20,21,16,16,10,9,6,5,,,,
Atocha,4040657541,-3689417845,Linea 1,11.088.992,,,,,,,,,,,,,,,,6,5,7,7,10,10,12,13,17,17,23,23,27,27,26,26,20,21,16,16,10,9,6,5,,,,
Menéndez Pelayo,4040453297,-3680742777,Linea 1,2.819.370,,,,,,,,,,,,,,,,6,5,7,7,10,10,12,13,17,17,23,23,27,27,26,26,20,21,16,16,10,9,6,5,,,,
Pacífico,4040175113,-3674777864,Linea 1,18.460.266,,,,,,,,,,,,,,,,6,5,7,7,10,10,12,13,17,17,23,23,27,27,26,26,20,21,16,16,10,9,6,5,,,,
Puente de Vallecas,4039853123,-3668939103,Linea 1,6.114.428,,,,,,,,,,,,,,,,6,5,7,7,10,10,12,13,17,17,23,23,27,27,26,26,20,21,16,16,10,9,6,5,,,,
Nueva Numancia,4039581853,-3664390076,Linea 1,6.293.417,,,,,,,,,,,,,,,,6,5,7,7,10,10,12,13,17,17,23,23,27,27,26,26,20,21,16,16,10,9,6,5,,,,
Portazgo,4039288919,-3658907634,Linea 1,3.704.812,,,,,,,,,,,,,,,,6,5,7,7,10,10,12,13,17,17,23,23,27,27,26,26,20,21,16,16,10,9,6,5,,,,
Buenos Aires,4039154908,-3653950912,Linea 1,2.559.265,,,,,,,,,,,,,,,,6,5,7,7,10,10,12,13,17,17,23,23,27,27,26,26,20,21,16,16,10,9,6,5,,,,
Alto del Arenal,4038989209,-364546746,Linea 1,3.085.187,,,,,,,,,,,,,,,,6,5,7,7,10,10,12,13,17,17,23,23,27,27,26,26,20,21,16,16,10,9,6,5,,,,
Miguel Hernández,4038737518,-3639738261,Linea 1,3.376.134,,,,,,,,,,,,,,,,6,5,7,7,10,10,12,13,17,17,23,23,27,27,26,26,20,21,16,16,10,9,6,5,,,,
Sierra de Guadalupe ,4038255355,-3625030273,Linea 1,3.784.554,,,,,,,,,,,,,,,,6,5,7,7,10,10,12,13,17,17,23,23,27,27,26,26,20,21,16,16,10,9,6,5,,,,
Villa de Vallecas,4037966041,-3621232265,Linea 1,2.809.186,,,,,,,,,,,,,,,,6,5,7,7,10,10,12,13,17,17,23,23,27,27,26,26,20,21,16,16,10,9,6,5,,,,
Congosto,4037217363,-3618721717,Linea 1,2.126.737,,,,,,,,,,,,,,,,6,5,7,7,10,10,12,13,17,17,23,23,27,27,26,26,20,21,16,16,10,9,6,5,,,,
La Gavia,40369231,-3612606281,Linea 1,1.562.859,,,,,,,,,,,,,,,,6,5,7,7,10,10,12,13,17,17,23,23,27,27,26,26,20,21,16,16,10,9,6,5,,,,
Las Suertes,4036321456,-3599602932,Linea 1,2.973.165,,,,,,,,,,,,,,,,6,5,7,7,10,10,12,13,17,17,23,23,27,27,26,26,20,21,16,16,10,9,6,5,,,,
Valdecarros,4036010803,-359316563,Linea 1,1.227.630,,,,,,,,,,,,,,,,6,5,7,7,10,10,12,13,17,17,23,23,27,27,26,26,20,21,16,16,10,9,6,5,,,,
Las Rosas,4042375139,-3603045624,Linea 2,1.631.966,,,,,,,,,,,,,,,,6,5,7,7,10,10,12,13,17,17,23,23,27,27,26,26,20,21,16,16,10,9,6,5,,,,
Avenida de Guadalajara,4042233839,-3611886184,Linea 2,1.752.368,,,,,,,,,,,,,,,,6,5,7,7,10,10,12,13,17,17,23,23,27,27,26,26,20,21,16,16,10,9,6,5,,,,
Alsacia,4041859049,-3623206618,Linea 2,2.573.177,,,,,,,,,,,,,,,,6,5,7,7,10,10,12,13,17,17,23,23,27,27,26,26,20,21,16,16,10,9,6,5,,,,
La Almudena,4042362092,-3639192584,Linea 2,1.745.372,,,,,,,,,,,,,,,,6,5,7,7,10,10,12,13,17,17,23,23,27,27,26,26,20,21,16,16,10,9,6,5,,,,
La Elipa,4042649584,-3650618775,Linea 2,4.106.739,,,,,,,,,,,,,,,,6,5,7,7,10,10,12,13,17,17,23,23,27,27,26,26,20,21,16,16,10,9,6,5,,,,
Ventas,4043110198,-3663536293,Linea 2,6.716.718,,,,,,,,,,,,,,,,6,5,7,7,10,10,12,13,17,17,23,23,27,27,26,26,20,21,16,16,10,9,6,5,,,,
Manuel Becerra,4042790792,-3669204739,Linea 2,9.284.711,,,,,,,,,,,,,,,,6,5,7,7,10,10,12,13,17,17,23,23,27,27,26,26,20,21,16,16,10,9,6,5,,,,
Goya,4042457569,-3675856618,Linea 2,11.522.464,,,,,,,,,,,,,,,,6,5,7,7,10,10,12,13,17,17,23,23,27,27,26,26,20,21,16,16,10,9,6,5,,,,
Príncipe de Vergara,404230892,-3679847745,Linea 2,8.324.742,,,,,,,,,,,,,,,,6,5,7,7,10,10,12,13,17,17,23,23,27,27,26,26,20,21,16,16,10,9,6,5,,,,
Retiro,4042073689,-3685877351,Linea 2,3.612.177,Puerta de Alcalá,Angloamericana Medical Unit,Midleton School Madrid,120,270,450,4,3,6,40.42002342,-3.68869972,40.4219343,-3.687962235,40.42242605,-3.690213393,6,5,7,7,10,10,12,13,17,17,23,23,27,27,26,26,20,21,16,16,10,9,6,5,,,,
Banco de España,4041910329,-369510415,Linea 2,3.745.138,,,,,,,,,,,,,,,,6,5,7,7,10,10,12,13,17,17,23,23,27,27,26,26,20,21,16,16,10,9,6,5,,,,
Sevilla,404178944,-3699403086,Linea 2,1.661.555,,,,,,,,,,,,,,,,6,5,7,7,10,10,12,13,17,17,23,23,27,27,26,26,20,21,16,16,10,9,6,5,,,,
Sol,4041686834,-3702793213,Linea 2,49.567.085,plaza mayor,Clinícas Pol,Spanish Language School in Madrid ,400,300,14,5,4,1,40.41557302,-3.707437164,40.4169419,-3.707571767,40.4173945,-3.703488971,6,5,7,7,10,10,12,13,17,17,23,23,27,27,26,26,20,21,16,16,10,9,6,5,,,,
Ópera,4041823746,-3709330457,Linea 2,14.850.637,,,,,,,,,,,,,,,,6,5,7,7,10,10,12,13,17,17,23,23,27,27,26,26,20,21,16,16,10,9,6,5,,,,
Santo Domingo,4042144524,-3707899257,Linea 2,1.957.718,,,,,,,,,,,,,,,,6,5,7,7,10,10,12,13,17,17,23,23,27,27,26,26,20,21,16,16,10,9,6,5,,,,
Noviciado,4042486766,-3707427188,Linea 2,3.478.374,,,,,,,,,,,,,,,,6,5,7,7,10,10,12,13,17,17,23,23,27,27,26,26,20,21,16,16,10,9,6,5,,,,
San Bernardo,4042986592,-3706032439,Linea 2,4.354.814,,,,,,,,,,,,,,,,6,5,7,7,10,10,12,13,17,17,23,23,27,27,26,26,20,21,16,16,10,9,6,5,,,,
Quevedo,4043314889,-370427291,Linea 2,3.689.722,,,,,,,,,,,,,,,,6,5,7,7,10,10,12,13,17,17,23,23,27,27,26,26,20,21,16,16,10,9,6,5,,,,
Canal,4043821445,-3704337283,Linea 2,8.798.589,,,,,,,,,,,,,,,,6,5,7,7,10,10,12,13,17,17,23,23,27,27,26,26,20,21,16,16,10,9,6,5,,,,
Cuatro Caminos,4044700657,-3703977869,Linea 2,16.091.690,,,,,,,,,,,,,,,,6,5,7,7,10,10,12,13,17,17,23,23,27,27,26,26,20,21,16,16,10,9,6,5,,,,
Moncloa,4043454151,-3719117747,Linea 3,29.762.478,,,,,,,,,,,,,,,,6,5,7,7,10,10,12,13,17,17,23,23,27,27,26,26,20,21,16,16,10,9,6,5,,,,
Argüelles,4043059028,-3716055779,Linea 3,14.590.179,,,,,,,,,,,,,,,,6,5,7,7,10,10,12,13,17,17,23,23,27,27,26,26,20,21,16,16,10,9,6,5,,,,
Ventura Rodríguez,4042701317,-3713588147,Linea 3,2.143.241,,,,,,,,,,,,,,,,6,5,7,7,10,10,12,13,17,17,23,23,27,27,26,26,20,21,16,16,10,9,6,5,,,,
Plaza de España,4042369283,-3710927396,Linea 3,17.006.552,,,,,,,,,,,,,,,,6,5,7,7,10,10,12,13,17,17,23,23,27,27,26,26,20,21,16,16,10,9,6,5,,,,
Callao,4042026238,-3705670266,Linea 3,15.303.823,,,,,,,,,,,,,,,,6,5,7,7,10,10,12,13,17,17,23,23,27,27,26,26,20,21,16,16,10,9,6,5,,,,
Sol,4041686834,-3702793213,Linea 3,49.567.085,,,,,,,,,,,,,,,,6,5,7,7,10,10,12,13,17,17,23,23,27,27,26,26,20,21,16,16,10,9,6,5,,,,
Lavapiés,4040848315,-3700756459,Linea 3,5.080.616,,,,,,,,,,,,,,,,6,5,7,7,10,10,12,13,17,17,23,23,27,27,26,26,20,21,16,16,10,9,6,5,,,,
Embajadores,4040464342,-3702194123,Linea 3,8.490.055,,,,,,,,,,,,,,,,6,5,7,7,10,10,12,13,17,17,23,23,27,27,26,26,20,21,16,16,10,9,6,5,,,,
Palos de la Frontera,4040291139,-3693954377,Linea 3,3.471.551,,,,,,,,,,,,,,,,6,5,7,7,10,10,12,13,17,17,23,23,27,27,26,26,20,21,16,16,10,9,6,5,,,,
Delicias,4039975767,-3694104581,Linea 3,4.767.471,,,,,,,,,,,,,,,,6,5,7,7,10,10,12,13,17,17,23,23,27,27,26,26,20,21,16,16,10,9,6,5,,,,
Legazpi,4039114152,-3695134549,Linea 3,18.313.451,,,,,,,,,,,,,,,,6,5,7,7,10,10,12,13,17,17,23,23,27,27,26,26,20,21,16,16,10,9,6,5,,,,
Almendrales,4038395022,-3698095708,Linea 3,3.471.372,,,,,,,,,,,,,,,,6,5,7,7,10,10,12,13,17,17,23,23,27,27,26,26,20,21,16,16,10,9,6,5,,,,
Hospital 12 de Octubre,4037540139,-3695821195,Linea 3,2.960.698,,,,,,,,,,,,,,,,6,5,7,7,10,10,12,13,17,17,23,23,27,27,26,26,20,21,16,16,10,9,6,5,,,,
San Fermín-Orcasur,403697615,-3694383531,Linea 3,3.514.558,,,,,,,,,,,,,,,,6,5,7,7,10,10,12,13,17,17,23,23,27,27,26,26,20,21,16,16,10,9,6,5,,,,
Ciudad de los Ángeles,4035972844,-3693661806,Linea 3,4.318.632,,,,,,,,,,,,,,,,6,5,7,7,10,10,12,13,17,17,23,23,27,27,26,26,20,21,16,16,10,9,6,5,,,,
Villaverde Bajo-Cruce,4035094759,-3692524549,Linea 3,5.896.901,,,,,,,,,,,,,,,,6,5,7,7,10,10,12,13,17,17,23,23,27,27,26,26,20,21,16,16,10,9,6,5,,,,
San Cristóbal,4034142482,-3692796277,Linea 3,2.662.348,,,,,,,,,,,,,,,,6,5,7,7,10,10,12,13,17,17,23,23,27,27,26,26,20,21,16,16,10,9,6,5,,,,
Villaverde Alto,4034158254,-3711905936,Linea 3,4.325.654,,,,,,,,,,,,,,,,6,5,7,7,10,10,12,13,17,17,23,23,27,27,26,26,20,21,16,16,10,9,6,5,,,,
Argüelles,4043059028,-3716055779,Linea 4,14.590.179,,,,,,,,,,,,,,,,6,5,7,7,10,10,12,13,17,17,23,23,27,27,26,26,20,21,16,16,10,9,6,5,,,,
San Bernardo,4042986592,-3706032439,Linea 4,4.354.814,,,,,,,,,,,,,,,,6,5,7,7,10,10,12,13,17,17,23,23,27,27,26,26,20,21,16,16,10,9,6,5,,,,
Bilbao,4042903458,-3702228731,Linea 4,8.467.553,,,,,,,,,,,,,,,,6,5,7,7,10,10,12,13,17,17,23,23,27,27,26,26,20,21,16,16,10,9,6,5,,,,
Alonso Martínez,40427781,-3695911679,Linea 4,18.832.974,,,,,,,,,,,,,,,,6,5,7,7,10,10,12,13,17,17,23,23,27,27,26,26,20,21,16,16,10,9,6,5,,,,
Colón,4042542884,-3690976414,Linea 4,1.301.327,,,,,,,,,,,,,,,,6,5,7,7,10,10,12,13,17,17,23,23,27,27,26,26,20,21,16,16,10,9,6,5,,,,
Serrano,4042541243,-3686606943,Linea 4,3.148.887,Museo de Cera,Hospital Nuestra Señora del Rosario,Hispania Schools,450,1100,200,6,17,3,40.42514405,-3.691268304,40.43299803,-3.680002531,40.42561464,-3.683586722,6,5,7,7,10,10,12,13,17,17,23,23,27,27,26,26,20,21,16,16,10,9,6,5,,,,
Velázquez,4042515107,-3682916224,Linea 4,2.662.973,,,,,,,,,,,,,,,,6,5,7,7,10,10,12,13,17,17,23,23,27,27,26,26,20,21,16,16,10,9,6,5,,,,
Goya,4042457569,-3675856618,Linea 4,11.522.464,,,,,,,,,,,,,,,,6,5,7,7,10,10,12,13,17,17,23,23,27,27,26,26,20,21,16,16,10,9,6,5,,,,
Lista,4042916929,-3675363123,Linea 4,1.967.919,,,,,,,,,,,,,,,,6,5,7,7,10,10,12,13,17,17,23,23,27,27,26,26,20,21,16,16,10,9,6,5,,,,
Diego de León,404346047,-3675073148,Linea 4,14.502.699,,,,,,,,,,,,,,,,6,5,7,7,10,10,12,13,17,17,23,23,27,27,26,26,20,21,16,16,10,9,6,5,,,,
Avenida de América,4043809255,-3676670475,Linea 4,35.284.265,,,,,,,,,,,,,,,,6,5,7,7,10,10,12,13,17,17,23,23,27,27,26,26,20,21,16,16,10,9,6,5,,,,
Prosperidad,4044420516,-367494475,Linea 4,2.743.690,,,,,,,,,,,,,,,,6,5,7,7,10,10,12,13,17,17,23,23,27,27,26,26,20,21,16,16,10,9,6,5,,,,
Alfonso XIII,4044823416,-366779438,Linea 4,3.454.694,,,,,,,,,,,,,,,,6,5,7,7,10,10,12,13,17,17,23,23,27,27,26,26,20,21,16,16,10,9,6,5,,,,
Avenida de la Paz,4045339396,-3662086639,Linea 4,1.338.149,,,,,,,,,,,,,,,,6,5,7,7,10,10,12,13,17,17,23,23,27,27,26,26,20,21,16,16,10,9,6,5,,,,
Arturo Soria,404558431,-3656293067,Linea 4,2.531.498,,,,,,,,,,,,,,,,6,5,7,7,10,10,12,13,17,17,23,23,27,27,26,26,20,21,16,16,10,9,6,5,,,,
Esperanza,4045959827,-364587343,Linea 4,1.929.276,,,,,,,,,,,,,,,,6,5,7,7,10,10,12,13,17,17,23,23,27,27,26,26,20,21,16,16,10,9,6,5,,,,
Canillas,4046433275,-3635445002,Linea 4,3.003.992,,,,,,,,,,,,,,,,6,5,7,7,10,10,12,13,17,17,23,23,27,27,26,26,20,21,16,16,10,9,6,5,,,,
Mar de Cristal,404693649,-3638170848,Linea 4,6.172.476,,,,,,,,,,,,,,,,6,5,7,7,10,10,12,13,17,17,23,23,27,27,26,26,20,21,16,16,10,9,6,5,,,,
San Lorenzo,4047444909,-3639426829,Linea 4,1.813.279,,,,,,,,,,,,,,,,6,5,7,7,10,10,12,13,17,17,23,23,27,27,26,26,20,21,16,16,10,9,6,5,,,,
Parque de Santa María,4047719126,-3645263316,Linea 4,1.543.689,,,,,,,,,,,,,,,,6,5,7,7,10,10,12,13,17,17,23,23,27,27,26,26,20,21,16,16,10,9,6,5,,,,
Hortaleza,40475102,-3652516009,Linea 4,1.775.639,,,,,,,,,,,,,,,,6,5,7,7,10,10,12,13,17,17,23,23,27,27,26,26,20,21,16,16,10,9,6,5,,,,
Manoteras,4047667604,-3662953756,Linea 4,1.318.832,,,,,,,,,,,,,,,,6,5,7,7,10,10,12,13,17,17,23,23,27,27,26,26,20,21,16,16,10,9,6,5,,,,
Pinar de Chamartín,4048013631,-366706111,Linea 4,6.222.074,,,,,,,,,,,,,,,,6,5,7,7,10,10,12,13,17,17,23,23,27,27,26,26,20,21,16,16,10,9,6,5,,,,
Casa de Campo,4040322022,-376100355,Linea 5,7.956.621,,,,,,,,,,,,,,,,6,5,7,7,10,10,12,13,17,17,23,23,27,27,26,26,20,21,16,16,10,9,6,5,,,,
Campamento,4039465453,-3768217204,Linea 5,2.899.486,,,,,,,,,,,,,,,,6,5,7,7,10,10,12,13,17,17,23,23,27,27,26,26,20,21,16,16,10,9,6,5,,,,
Empalme,4039089574,-3765832629,Linea 5,1.775.111,,,,,,,,,,,,,,,,6,5,7,7,10,10,12,13,17,17,23,23,27,27,26,26,20,21,16,16,10,9,6,5,,,,
Aluche,4038580469,-3761026111,Linea 5,7.710.593,,,,,,,,,,,,,,,,6,5,7,7,10,10,12,13,17,17,23,23,27,27,26,26,20,21,16,16,10,9,6,5,,,,
Eugenia de Montijo,4038472658,-3750646908,Linea 5,1.930.562,,,,,,,,,,,,,,,,6,5,7,7,10,10,12,13,17,17,23,23,27,27,26,26,20,21,16,16,10,9,6,5,,,,
Carabanchel,4038783197,-3744896251,Linea 5,3.436.762,,,,,,,,,,,,,,,,6,5,7,7,10,10,12,13,17,17,23,23,27,27,26,26,20,21,16,16,10,9,6,5,,,,
Vista Alegre,4038869168,-3739959292,Linea 5,3.515.983,,,,,,,,,,,,,,,,6,5,7,7,10,10,12,13,17,17,23,23,27,27,26,26,20,21,16,16,10,9,6,5,,,,
Oporto,403883975,-3731230185,Linea 5,15.822.483,,,,,,,,,,,,,,,,6,5,7,7,10,10,12,13,17,17,23,23,27,27,26,26,20,21,16,16,10,9,6,5,,,,
Urgel,4039301052,-3724476647,Linea 5,4.128.094,,,,,,,,,,,,,,,,6,5,7,7,10,10,12,13,17,17,23,23,27,27,26,26,20,21,16,16,10,9,6,5,,,,
Marqués de Vadillo,4039749269,-3716255149,Linea 5,4.880.497,,,,,,,,,,,,,,,,6,5,7,7,10,10,12,13,17,17,23,23,27,27,26,26,20,21,16,16,10,9,6,5,,,,
Pirámides,4040251939,-3710925594,Linea 5,2.216.934,,,,,,,,,,,,,,,,6,5,7,7,10,10,12,13,17,17,23,23,27,27,26,26,20,21,16,16,10,9,6,5,,,,
Acacias,4040374489,-3706548229,Linea 5,2.999.357,,,,,,,,,,,,,,,,6,5,7,7,10,10,12,13,17,17,23,23,27,27,26,26,20,21,16,16,10,9,6,5,,,,
Puerta de Toledo,4040676771,-3710904136,Linea 5,2.404.201,,,,,,,,,,,,,,,,6,5,7,7,10,10,12,13,17,17,23,23,27,27,26,26,20,21,16,16,10,9,6,5,,,,
La Latina,4041134253,-3708350673,Linea 5,4.441.399,,,,,,,,,,,,,,,,6,5,7,7,10,10,12,13,17,17,23,23,27,27,26,26,20,21,16,16,10,9,6,5,,,,
Ópera,4041823746,-3709330457,Linea 5,14.850.637,,,,,,,,,,,,,,,,6,5,7,7,10,10,12,13,17,17,23,23,27,27,26,26,20,21,16,16,10,9,6,5,,,,
Callao,4042026238,-3705670266,Linea 5,15.303.823,,,,,,,,,,,,,,,,6,5,7,7,10,10,12,13,17,17,23,23,27,27,26,26,20,21,16,16,10,9,6,5,,,,
Gran Vía,4041987424,-3701613041,Linea 5,7.180.340,,,,,,,,,,,,,,,,6,5,7,7,10,10,12,13,17,17,23,23,27,27,26,26,20,21,16,16,10,9,6,5,,,,
Chueca,404225677,-369764598,Linea 5,3.039.046,,,,,,,,,,,,,,,,6,5,7,7,10,10,12,13,17,17,23,23,27,27,26,26,20,21,16,16,10,9,6,5,,,,
Alonso Martínez,40427781,-3695911679,Linea 5,18.832.974,,,,,,,,,,,,,,,,6,5,7,7,10,10,12,13,17,17,23,23,27,27,26,26,20,21,16,16,10,9,6,5,,,,
Rubén Darío,4043315269,-3689119115,Linea 5,2.686.763,,,,,,,,,,,,,,,,6,5,7,7,10,10,12,13,17,17,23,23,27,27,26,26,20,21,16,16,10,9,6,5,,,,
Núñez de Balboa,4043284731,-3683196798,Linea 5,7.850.348,,,,,,,,,,,,,,,,6,5,7,7,10,10,12,13,17,17,23,23,27,27,26,26,20,21,16,16,10,9,6,5,,,,
Diego de León,404346047,-3675073148,Linea 5,14.502.699,,,,,,,,,,,,,,,,6,5,7,7,10,10,12,13,17,17,23,23,27,27,26,26,20,21,16,16,10,9,6,5,,,,
Ventas,4043110198,-3663536293,Linea 5,6.716.718,,,,,,,,,,,,,,,,6,5,7,7,10,10,12,13,17,17,23,23,27,27,26,26,20,21,16,16,10,9,6,5,,,,
El Carmen,4043183532,-365748632,Linea 5,4.521.912,,,,,,,,,,,,,,,,6,5,7,7,10,10,12,13,17,17,23,23,27,27,26,26,20,21,16,16,10,9,6,5,,,,
Quintana,4043358855,-3647229222,Linea 5,3.614.161,,,,,,,,,,,,,,,,6,5,7,7,10,10,12,13,17,17,23,23,27,27,26,26,20,21,16,16,10,9,6,5,,,,
Pueblo Nuevo,404356791,-3642845864,Linea 5,9.317.967,,,,,,,,,,,,,,,,6,5,7,7,10,10,12,13,17,17,23,23,27,27,26,26,20,21,16,16,10,9,6,5,,,,
Ciudad Lineal,4043787847,-3638039345,Linea 5,4.122.778,,,,,,,,,,,,,,,,6,5,7,7,10,10,12,13,17,17,23,23,27,27,26,26,20,21,16,16,10,9,6,5,,,,
Suanzes,4044090339,-3627124503,Linea 5,2.467.319,,,,,,,,,,,,,,,,6,5,7,7,10,10,12,13,17,17,23,23,27,27,26,26,20,21,16,16,10,9,6,5,,,,
Torre Arias,4044361427,-3617039397,Linea 5,2.102.301,,,,,,,,,,,,,,,,6,5,7,7,10,10,12,13,17,17,23,23,27,27,26,26,20,21,16,16,10,9,6,5,,,,
Canillejas,4044936151,-3608127488,Linea 5,3.113.978,,,,,,,,,,,,,,,,6,5,7,7,10,10,12,13,17,17,23,23,27,27,26,26,20,21,16,16,10,9,6,5,,,,
El capricho,4045329665,-3594265832,Linea 5,943.938,Jardín El Capricho de la Alameda de Osuna,Clínica Suiza,Colegio Alameda de Osuna,700,600,400,10,9,5,40.45599758,-3.598427647,40.45083523,-3.599330905,40.45572545,-3.591928282,6,5,7,7,10,10,12,13,17,17,23,23,27,27,26,26,20,21,16,16,10,9,6,5,,,,
Alameda de Osuna,4045745955,-3588034292,Linea 5,1.746.651,,,,,,,,,,,,,,,,6,5,7,7,10,10,12,13,17,17,23,23,27,27,26,26,20,21,16,16,10,9,6,5,,,,
Laguna,4039908529,-3743863647,Linea 6,3.225.039,,,,,,,,,,,,,,,,6,5,7,7,10,10,12,13,17,17,23,23,27,27,26,26,20,21,16,16,10,9,6,5,,,,
Lucero,404047554,-3745580261,Linea 6,5.054.775,,,,,,,,,,,,,,,,6,5,7,7,10,10,12,13,17,17,23,23,27,27,26,26,20,21,16,16,10,9,6,5,,,,
Alto de Extremadura,4040977149,-3738821094,Linea 6,3.455.779,,,,,,,,,,,,,,,,6,5,7,7,10,10,12,13,17,17,23,23,27,27,26,26,20,21,16,16,10,9,6,5,,,,
Puerta del Ángel,4041408471,-3727219913,Linea 6,4.599.412,,,,,,,,,,,,,,,,6,5,7,7,10,10,12,13,17,17,23,23,27,27,26,26,20,21,16,16,10,9,6,5,,,,
Príncipe Pío,404215879,-371940932,Linea 6,32.191.729,Temple of Debod,Clínica Santamarta,Academy don Quijote,600,1000,1000,10,15,17,40.42410115,-3.717792468,40.42703271,-3.713297272,40.42664311,-3.711081369,6,5,7,7,10,10,12,13,17,17,23,23,27,27,26,26,20,21,16,16,10,9,6,5,,,,
Argüelles,4043059028,-3716055779,Linea 6,14.590.179,,,,,,,,,,,,,,,,6,5,7,7,10,10,12,13,17,17,23,23,27,27,26,26,20,21,16,16,10,9,6,5,,,,
Moncloa,4043454151,-3719117747,Linea 6,29.762.478,,,,,,,,,,,,,,,,6,5,7,7,10,10,12,13,17,17,23,23,27,27,26,26,20,21,16,16,10,9,6,5,,,,
Ciudad Universitaria,4044353936,-3726893882,Linea 6,5.703.438,,,,,,,,,,,,,,,,6,5,7,7,10,10,12,13,17,17,23,23,27,27,26,26,20,21,16,16,10,9,6,5,,,,
Vicente Aleixandre,4044684253,-3718782881,Linea 6,2.139.036,Jaime del Amo Park,Hospital Clinico Universitario San Carlos,EOI Business School,500,650,96,7,9,1,40.44243794,-3.721183737,40.44087019,-3.719746073,40.44615872,-3.720468212,6,5,7,7,10,10,12,13,17,17,23,23,27,27,26,26,20,21,16,16,10,9,6,5,,,,
Guzmán el Bueno,4044653227,-3711809138,Linea 6,8.465.631,,,,,,,,,,,,,,,,6,5,7,7,10,10,12,13,17,17,23,23,27,27,26,26,20,21,16,16,10,9,6,5,,,,
Cuatro Caminos,4044700657,-3703977869,Linea 6,16.091.690,,,,,,,,,,,,,,,,6,5,7,7,10,10,12,13,17,17,23,23,27,27,26,26,20,21,16,16,10,9,6,5,,,,
Nuevos Ministerios,4044664658,-3691982249,Linea 6,29.885.885,,,,,,,,,,,,,,,,6,5,7,7,10,10,12,13,17,17,23,23,27,27,26,26,20,21,16,16,10,9,6,5,,,,
República Argentina,404437072,-3683914164,Linea 6,1.988.646,,,,,,,,,,,,,,,,6,5,7,7,10,10,12,13,17,17,23,23,27,27,26,26,20,21,16,16,10,9,6,5,,,,
Avenida de América ,4043809255,-3676670475,Linea 6,35.284.265,,,,,,,,,,,,,,,,6,5,7,7,10,10,12,13,17,17,23,23,27,27,26,26,20,21,16,16,10,9,6,5,,,,
Diego de León,404346047,-3675073148,Linea 6,14.502.699,,,,,,,,,,,,,,,,6,5,7,7,10,10,12,13,17,17,23,23,27,27,26,26,20,21,16,16,10,9,6,5,,,,
Manuel Becerra,4042790792,-3669204739,Linea 6,9.284.711,,,,,,,,,,,,,,,,6,5,7,7,10,10,12,13,17,17,23,23,27,27,26,26,20,21,16,16,10,9,6,5,,,,
O'Donnell,4042241912,-3668976287,Linea 6,5.222.459,,,,,,,,,,,,,,,,6,5,7,7,10,10,12,13,17,17,23,23,27,27,26,26,20,21,16,16,10,9,6,5,,,,
Sainz de Baranda,404147404,-3669791679,Linea 6,9.768.952,,,,,,,,,,,,,,,,6,5,7,7,10,10,12,13,17,17,23,23,27,27,26,26,20,21,16,16,10,9,6,5,,,,
Conde de Casal,4040709413,-3669984798,Linea 6,6.661.469,,,,,,,,,,,,,,,,6,5,7,7,10,10,12,13,17,17,23,23,27,27,26,26,20,21,16,16,10,9,6,5,,,,
Pacífico,4040175113,-3674777864,Linea 6,18.460.266,,,,,,,,,,,,,,,,6,5,7,7,10,10,12,13,17,17,23,23,27,27,26,26,20,21,16,16,10,9,6,5,,,,
Méndez Álvaro,4039563943,-3678027259,Linea 6,8.974.299,,,,,,,,,,,,,,,,6,5,7,7,10,10,12,13,17,17,23,23,27,27,26,26,20,21,16,16,10,9,6,5,,,,
Arganzuela-Planetario,4039321525,-3688634252,Linea 6,1.556.334,,,,,,,,,,,,,,,,6,5,7,7,10,10,12,13,17,17,23,23,27,27,26,26,20,21,16,16,10,9,6,5,,,,
Legazpi,4039114152,-3695134549,Linea 6,18.313.451,,,,,,,,,,,,,,,,6,5,7,7,10,10,12,13,17,17,23,23,27,27,26,26,20,21,16,16,10,9,6,5,,,,
Usera,4038707515,-3706622287,Linea 6,7.515.213,,,,,,,,,,,,,,,,6,5,7,7,10,10,12,13,17,17,23,23,27,27,26,26,20,21,16,16,10,9,6,5,,,,
Plaza Elíptica,4038449275,-3718381091,Linea 6,16.365.931,,,,,,,,,,,,,,,,6,5,7,7,10,10,12,13,17,17,23,23,27,27,26,26,20,21,16,16,10,9,6,5,,,,
Opañel,4038622525,-3723445102,Linea 6,3.585.408,,,,,,,,,,,,,,,,6,5,7,7,10,10,12,13,17,17,23,23,27,27,26,26,20,21,16,16,10,9,6,5,,,,
Oporto,403883975,-3731230185,Linea 6,15.822.483,,,,,,,,,,,,,,,,6,5,7,7,10,10,12,13,17,17,23,23,27,27,26,26,20,21,16,16,10,9,6,5,,,,
Carpetana,403927153,-3740982794,Linea 6,5.569.768,,,,,,,,,,,,,,,,6,5,7,7,10,10,12,13,17,17,23,23,27,27,26,26,20,21,16,16,10,9,6,5,,,,
Laguna,4039908529,-3743863647,Linea 6,3.225.039,,,,,,,,,,,,,,,,6,5,7,7,10,10,12,13,17,17,23,23,27,27,26,26,20,21,16,16,10,9,6,5,,,,
Pitis,40495374,-3725570035,Linea 7,612.409,,,,,,,,,,,,,,,,6,5,7,7,10,10,12,13,17,17,23,23,27,27,26,26,20,21,16,16,10,9,6,5,,,,
Arroyofresno,4049083754,-3726020646,Linea 7,337.584,,,,,,,,,,,,,,,,6,5,7,7,10,10,12,13,17,17,23,23,27,27,26,26,20,21,16,16,10,9,6,5,,,,
Lacoma,4048483196,-3723059488,Linea 7,1.456.885,,,,,,,,,,,,,,,,6,5,7,7,10,10,12,13,17,17,23,23,27,27,26,26,20,21,16,16,10,9,6,5,,,,
Avenida de la Ilustración,4048004996,-3718274427,Linea 7,1.728.884,,,,,,,,,,,,,,,,6,5,7,7,10,10,12,13,17,17,23,23,27,27,26,26,20,21,16,16,10,9,6,5,,,,
Peñagrande,4047592052,-371593554,Linea 7,3.028.773,,,,,,,,,,,,,,,,6,5,7,7,10,10,12,13,17,17,23,23,27,27,26,26,20,21,16,16,10,9,6,5,,,,
Antonio Machado,4046997891,-3718143025,Linea 7,1.899.514,,,,,,,,,,,,,,,,6,5,7,7,10,10,12,13,17,17,23,23,27,27,26,26,20,21,16,16,10,9,6,5,,,,
Valdezarza,4046460815,-37159758,Linea 7,1.851.195,,,,,,,,,,,,,,,,6,5,7,7,10,10,12,13,17,17,23,23,27,27,26,26,20,21,16,16,10,9,6,5,,,,
Francos Rodríguez,4045652689,-3712156561,Linea 7,3.771.484,,,,,,,,,,,,,,,,6,5,7,7,10,10,12,13,17,17,23,23,27,27,26,26,20,21,16,16,10,9,6,5,,,,
Guzmán el Bueno,4044653227,-3711809138,Linea 7,8.465.631,,,,,,,,,,,,,,,,6,5,7,7,10,10,12,13,17,17,23,23,27,27,26,26,20,21,16,16,10,9,6,5,,,,
Islas Filipinas,4043902195,-3713787344,Linea 7,5.356.990,,,,,,,,,,,,,,,,6,5,7,7,10,10,12,13,17,17,23,23,27,27,26,26,20,21,16,16,10,9,6,5,,,,
Canal,4043821445,-3704337283,Linea 7,8.798.589,,,,,,,,,,,,,,,,6,5,7,7,10,10,12,13,17,17,23,23,27,27,26,26,20,21,16,16,10,9,6,5,,,,
Alonso Cano,4043843401,-3699303415,Linea 7,2.499.458,,,,,,,,,,,,,,,,6,5,7,7,10,10,12,13,17,17,23,23,27,27,26,26,20,21,16,16,10,9,6,5,,,,
Gregorio Marañón,4043807472,-3691192415,Linea 7,17.670.735,,,,,,,,,,,,,,,,6,5,7,7,10,10,12,13,17,17,23,23,27,27,26,26,20,21,16,16,10,9,6,5,,,,
Avenida de América,4043809255,-3676670475,Linea 7,35.284.265,,,,,,,,,,,,,,,,6,5,7,7,10,10,12,13,17,17,23,23,27,27,26,26,20,21,16,16,10,9,6,5,,,,
Cartagena,4043930812,-3672157484,Linea 7,1.949.194,,,,,,,,,,,,,,,,6,5,7,7,10,10,12,13,17,17,23,23,27,27,26,26,20,21,16,16,10,9,6,5,,,,
Parque de las Avenidas,4043947143,-36629736,Linea 7,1.823.405,,,,,,,,,,,,,,,,6,5,7,7,10,10,12,13,17,17,23,23,27,27,26,26,20,21,16,16,10,9,6,5,,,,
Barrio de la Concepción,4043885084,-3651601034,Linea 7,3.038.122,,,,,,,,,,,,,,,,6,5,7,7,10,10,12,13,17,17,23,23,27,27,26,26,20,21,16,16,10,9,6,5,,,,
Pueblo Nuevo,404356791,-3642845864,Linea 7,9.317.967,,,,,,,,,,,,,,,,6,5,7,7,10,10,12,13,17,17,23,23,27,27,26,26,20,21,16,16,10,9,6,5,,,,
Ascao,4043012943,-3641083238,Linea 7,3.182.987,,,,,,,,,,,,,,,,6,5,7,7,10,10,12,13,17,17,23,23,27,27,26,26,20,21,16,16,10,9,6,5,,,,
García Noblejas,4042908408,-3631834981,Linea 7,3.177.105,,,,,,,,,,,,,,,,6,5,7,7,10,10,12,13,17,17,23,23,27,27,26,26,20,21,16,16,10,9,6,5,,,,
Simancas,4042790804,-3625826833,Linea 7,3.109.979,,,,,,,,,,,,,,,,6,5,7,7,10,10,12,13,17,17,23,23,27,27,26,26,20,21,16,16,10,9,6,5,,,,
San Blas,4042792782,-361569126,Linea 7,2.030.506,,,,,,,,,,,,,,,,6,5,7,7,10,10,12,13,17,17,23,23,27,27,26,26,20,21,16,16,10,9,6,5,,,,
Las Musas,4043262315,-3607704,Linea 7,1.699.016,,,,,,,,,,,,,,,,6,5,7,7,10,10,12,13,17,17,23,23,27,27,26,26,20,21,16,16,10,9,6,5,,,,
Estadio Metropolitano,4043335813,-3600086527,Linea 7,4.300.584,,,,,,,,,,,,,,,,6,5,7,7,10,10,12,13,17,17,23,23,27,27,26,26,20,21,16,16,10,9,6,5,,,,
Barrio del Puerto,4042249924,-356906157,Linea 7,1.078.259,,,,,,,,,,,,,,,,6,5,7,7,10,10,12,13,17,17,23,23,27,27,26,26,20,21,16,16,10,9,6,5,,,,
Coslada Central,404235937,-3560886197,Linea 7,2.785.882,,,,,,,,,,,,,,,,6,5,7,7,10,10,12,13,17,17,23,23,27,27,26,26,20,21,16,16,10,9,6,5,,,,
La Rambla,4042509651,-3547882847,Linea 7,1.801.886,,,,,,,,,,,,,,,,6,5,7,7,10,10,12,13,17,17,23,23,27,27,26,26,20,21,16,16,10,9,6,5,,,,
San Fernando,4042441045,-3535373024,Linea 7,948.995,,,,,,,,,,,,,,,,6,5,7,7,10,10,12,13,17,17,23,23,27,27,26,26,20,21,16,16,10,9,6,5,,,,
Jarama,4042287495,-3525352291,Linea 7,463.992,,,,,,,,,,,,,,,,6,5,7,7,10,10,12,13,17,17,23,23,27,27,26,26,20,21,16,16,10,9,6,5,,,,
Henares,4041769906,-3527147934,Linea 7,462.358,,,,,,,,,,,,,,,,6,5,7,7,10,10,12,13,17,17,23,23,27,27,26,26,20,21,16,16,10,9,6,5,,,,
Hospital del Henares,4041759691,-3534513336,Linea 7,227.228,,,,,,,,,,,,,,,,6,5,7,7,10,10,12,13,17,17,23,23,27,27,26,26,20,21,16,16,10,9,6,5,,,,
Aeropuerto T4,4049139493,-3593199646,Linea 8,1.729.986,,,,,,,,,,,,,,,,6,5,7,7,10,10,12,13,17,17,23,23,27,27,26,26,20,21,16,16,10,9,6,5,,,,
Barajas,4047582515,-3582599556,Linea 8,2.592.191,,,,,,,,,,,,,,,,6,5,7,7,10,10,12,13,17,17,23,23,27,27,26,26,20,21,16,16,10,9,6,5,,,,
Aeropuerto T1-T2-T3,4046828401,-3571117753,Linea 8,1.498.629,,,,,,,,,,,,,,,,6,5,7,7,10,10,12,13,17,17,23,23,27,27,26,26,20,21,16,16,10,9,6,5,,,,
Feria de Madrid,4046398373,-3616340986,Linea 8,1.908.480,,,,,,,,,,,,,,,,6,5,7,7,10,10,12,13,17,17,23,23,27,27,26,26,20,21,16,16,10,9,6,5,,,,
Mar de Cristal,404693649,-3638170848,Linea 8,6.172.476,,,,,,,,,,,,,,,,6,5,7,7,10,10,12,13,17,17,23,23,27,27,26,26,20,21,16,16,10,9,6,5,,,,
Pinar del Rey,4046810839,-3648056929,Linea 8,2.153.834,,,,,,,,,,,,,,,,6,5,7,7,10,10,12,13,17,17,23,23,27,27,26,26,20,21,16,16,10,9,6,5,,,,
Colombia,4045730084,-3676944063,Linea 8,8.798.480,,,,,,,,,,,,,,,,6,5,7,7,10,10,12,13,17,17,23,23,27,27,26,26,20,21,16,16,10,9,6,5,,,,
Nuevos Ministerios,4044664658,-3691982249,Linea 8,29.885.885,,,,,,,,,,,,,,,,6,5,7,7,10,10,12,13,17,17,23,23,27,27,26,26,20,21,16,16,10,9,6,5,,,,
Paco de Lucía,404996054,-3709227739,Linea 9,1.342.729,,,,,,,,,,,,,,,,6,5,7,7,10,10,12,13,17,17,23,23,27,27,26,26,20,21,16,16,10,9,6,5,,,,
Mirasierra,4049094886,-3716298041,Linea 9,1.365.009,,,,,,,,,,,,,,,,6,5,7,7,10,10,12,13,17,17,23,23,27,27,26,26,20,21,16,16,10,9,6,5,,,,
Herrera Oria,4048458425,-3707629142,Linea 9,1.965.559,,,,,,,,,,,,,,,,6,5,7,7,10,10,12,13,17,17,23,23,27,27,26,26,20,21,16,16,10,9,6,5,,,,
Barrio del Pilar,404762505,-3703108241,Linea 9,4.225.431,,,,,,,,,,,,,,,,6,5,7,7,10,10,12,13,17,17,23,23,27,27,26,26,20,21,16,16,10,9,6,5,,,,
Ventilla,4046955802,-3695898463,Linea 9,1.828.377,,,,,,,,,,,,,,,,6,5,7,7,10,10,12,13,17,17,23,23,27,27,26,26,20,21,16,16,10,9,6,5,,,,
Plaza de Castilla,404668494,-3689162512,Linea 9,25.135.236,,,,,,,,,,,,,,,,6,5,7,7,10,10,12,13,17,17,23,23,27,27,26,26,20,21,16,16,10,9,6,5,,,,
Duque de Pastrana,4046753382,-3679376056,Linea 9,757.599,,,,,,,,,,,,,,,,6,5,7,7,10,10,12,13,17,17,23,23,27,27,26,26,20,21,16,16,10,9,6,5,,,,
Pío XII,4046251995,-3676087989,Linea 9,1.908.982,,,,,,,,,,,,,,,,6,5,7,7,10,10,12,13,17,17,23,23,27,27,26,26,20,21,16,16,10,9,6,5,,,,
Colombia,4045730084,-3676944063,Linea 9,8.798.480,,,,,,,,,,,,,,,,6,5,7,7,10,10,12,13,17,17,23,23,27,27,26,26,20,21,16,16,10,9,6,5,,,,
Concha Espina,4045037256,-3678319587,Linea 9,2.015.704,,,,,,,,,,,,,,,,6,5,7,7,10,10,12,13,17,17,23,23,27,27,26,26,20,21,16,16,10,9,6,5,,,,
Cruz del Rayo,4044423272,-3678233756,Linea 9,1.676.629,National Music Auditorium,Clínica Dental Auditorio,Madrid Flower School,50,290,550,1,4,8,40.44612341,-3.677126391,40.44698888,-3.675399048,40.4423979,-3.674443091,6,5,7,7,10,10,12,13,17,17,23,23,27,27,26,26,20,21,16,16,10,9,6,5,,,,
Avenida de América,4043809255,-3676670475,Linea 9,35.284.265,,,,,,,,,,,,,,,,6,5,7,7,10,10,12,13,17,17,23,23,27,27,26,26,20,21,16,16,10,9,6,5,,,,
Núñez de Balboa,4043284731,-3683196798,Linea 9,7.850.348,,,,,,,,,,,,,,,,6,5,7,7,10,10,12,13,17,17,23,23,27,27,26,26,20,21,16,16,10,9,6,5,,,,
Príncipe de Vergara,404230892,-3679847745,Linea 9,8.324.742,,,,,,,,,,,,,,,,6,5,7,7,10,10,12,13,17,17,23,23,27,27,26,26,20,21,16,16,10,9,6,5,,,,
Ibiza,404183282,-367810501,Linea 9,2.428.457,,,,,,,,,,,,,,,,6,5,7,7,10,10,12,13,17,17,23,23,27,27,26,26,20,21,16,16,10,9,6,5,,,,
Sainz de Baranda,404147404,-3669791679,Linea 9,9.768.952,,,,,,,,,,,,,,,,6,5,7,7,10,10,12,13,17,17,23,23,27,27,26,26,20,21,16,16,10,9,6,5,,,,
Estrella,4041143389,-3661840095,Linea 9,2.531.558,,,,,,,,,,,,,,,,6,5,7,7,10,10,12,13,17,17,23,23,27,27,26,26,20,21,16,16,10,9,6,5,,,,
Vinateros,4041032289,-3652784957,Linea 9,2.577.631,,,,,,,,,,,,,,,,6,5,7,7,10,10,12,13,17,17,23,23,27,27,26,26,20,21,16,16,10,9,6,5,,,,
Artilleros,4040509442,-3641798629,Linea 9,3.267.306,,,,,,,,,,,,,,,,6,5,7,7,10,10,12,13,17,17,23,23,27,27,26,26,20,21,16,16,10,9,6,5,,,,
Pavones,4040061722,-3635146751,Linea 9,2.736.802,,,,,,,,,,,,,,,,6,5,7,7,10,10,12,13,17,17,23,23,27,27,26,26,20,21,16,16,10,9,6,5,,,,
Valdebernardo,4040002717,-3621553966,Linea 9,2.567.757,,,,,,,,,,,,,,,,6,5,7,7,10,10,12,13,17,17,23,23,27,27,26,26,20,21,16,16,10,9,6,5,,,,
Vicálvaro,4040421029,-3608936855,Linea 9,2.235.714,,,,,,,,,,,,,,,,6,5,7,7,10,10,12,13,17,17,23,23,27,27,26,26,20,21,16,16,10,9,6,5,,,,
San Cipriano,4040388349,-3603701183,Linea 9,1.171.851,,,,,,,,,,,,,,,,6,5,7,7,10,10,12,13,17,17,23,23,27,27,26,26,20,21,16,16,10,9,6,5,,,,
Puerta de Arganda,4038825191,-3577580403,Linea 9,5.863.526,,,,,,,,,,,,,,,,6,5,7,7,10,10,12,13,17,17,23,23,27,27,26,26,20,21,16,16,10,9,6,5,,,,
Hospital Infanta Sofía,4055983791,-3611303047,Linea 10,1.415.716,,,,,,,,,,,,,,,,6,5,7,7,10,10,12,13,17,17,23,23,27,27,26,26,20,21,16,16,10,9,6,5,,,,
Reyes Católicos,4055034268,-3623442589,Linea 10,1.022.007,,,,,,,,,,,,,,,,6,5,7,7,10,10,12,13,17,17,23,23,27,27,26,26,20,21,16,16,10,9,6,5,,,,
Baunatal,4055436197,-3635287224,Linea 10,961.34,,,,,,,,,,,,,,,,6,5,7,7,10,10,12,13,17,17,23,23,27,27,26,26,20,21,16,16,10,9,6,5,,,,
Manuel de Falla,4055048167,-3646960198,Linea 10,1.067.454,,,,,,,,,,,,,,,,6,5,7,7,10,10,12,13,17,17,23,23,27,27,26,26,20,21,16,16,10,9,6,5,,,,
Marqués de la Valdavia,4054108976,-3637390076,Linea 10,1.793.503,,,,,,,,,,,,,,,,6,5,7,7,10,10,12,13,17,17,23,23,27,27,26,26,20,21,16,16,10,9,6,5,,,,
La Moraleja,4053192485,-3635501801,Linea 10,1.298.682,,,,,,,,,,,,,,,,6,5,7,7,10,10,12,13,17,17,23,23,27,27,26,26,20,21,16,16,10,9,6,5,,,,
La Granja,4052765182,-3658631887,Linea 10,812.668,,,,,,,,,,,,,,,,6,5,7,7,10,10,12,13,17,17,23,23,27,27,26,26,20,21,16,16,10,9,6,5,,,,
Ronda de la Comunicación,4051567934,-366284914,Linea 10,445.968,,,,,,,,,,,,,,,,6,5,7,7,10,10,12,13,17,17,23,23,27,27,26,26,20,21,16,16,10,9,6,5,,,,
Las Tablas,405082077,-3669415187,Linea 10,2.243.167,,,,,,,,,,,,,,,,6,5,7,7,10,10,12,13,17,17,23,23,27,27,26,26,20,21,16,16,10,9,6,5,,,,
Montecarmelo,4050528733,-3695902925,Linea 10,1.497.868,,,,,,,,,,,,,,,,6,5,7,7,10,10,12,13,17,17,23,23,27,27,26,26,20,21,16,16,10,9,6,5,,,,
Tres Olivos,4050089838,-3694357972,Linea 10,7.678.416,,,,,,,,,,,,,,,,6,5,7,7,10,10,12,13,17,17,23,23,27,27,26,26,20,21,16,16,10,9,6,5,,,,
Fuencarral,4049503942,-3693221157,Linea 10,2.109.309,,,,,,,,,,,,,,,,6,5,7,7,10,10,12,13,17,17,23,23,27,27,26,26,20,21,16,16,10,9,6,5,,,,
Begoña,4048046924,-3685761032,Linea 10,4.943.875,,,,,,,,,,,,,,,,6,5,7,7,10,10,12,13,17,17,23,23,27,27,26,26,20,21,16,16,10,9,6,5,,,,
Chamartín,4047213836,-3682768126,Linea 10,8.797.197,,,,,,,,,,,,,,,,6,5,7,7,10,10,12,13,17,17,23,23,27,27,26,26,20,21,16,16,10,9,6,5,,,,
Plaza de Castilla,404668494,-3689162512,Linea 10,25.135.236,,,,,,,,,,,,,,,,6,5,7,7,10,10,12,13,17,17,23,23,27,27,26,26,20,21,16,16,10,9,6,5,,,,
Cuzco,4045826738,-3689887193,Linea 10,4.384.009,,,,,,,,,,,,,,,,6,5,7,7,10,10,12,13,17,17,23,23,27,27,26,26,20,21,16,16,10,9,6,5,,,,
Santiago Bernabéu,4045216092,-3690702584,Linea 10,4.784.869,Santiago Bernabéu Stadium,San Rafael Hospital,FED Business School,200,900,450,3,14,6,40.45294036,-3.688373761,40.45279315,-3.680750153,40.44983742,-3.689350151,6,5,7,7,10,10,12,13,17,17,23,23,27,27,26,26,20,21,16,16,10,9,6,5,,,,
Nuevos Ministerios,4044664658,-3691982249,Linea 10,29.885.885,,,,,,,,,,,,,,,,6,5,7,7,10,10,12,13,17,17,23,23,27,27,26,26,20,21,16,16,10,9,6,5,,,,
Gregorio Marañón,4043807472,-3691192415,Linea 10,17.670.735,,,,,,,,,,,,,,,,6,5,7,7,10,10,12,13,17,17,23,23,27,27,26,26,20,21,16,16,10,9,6,5,,,,
Alonso Martínez,40427781,-3695911679,Linea 10,18.832.974,,,,,,,,,,,,,,,,6,5,7,7,10,10,12,13,17,17,23,23,27,27,26,26,20,21,16,16,10,9,6,5,,,,
Tribunal,4042613342,-370116243,Linea 10,13.521.895,,,,,,,,,,,,,,,,6,5,7,7,10,10,12,13,17,17,23,23,27,27,26,26,20,21,16,16,10,9,6,5,,,,
Plaza de España,4042369283,-3710927396,Linea 10,17.006.552,,,,,,,,,,,,,,,,6,5,7,7,10,10,12,13,17,17,23,23,27,27,26,26,20,21,16,16,10,9,6,5,,,,
Principe Pío,404215879,-371940932,Linea 10,32.191.729,,,,,,,,,,,,,,,,6,5,7,7,10,10,12,13,17,17,23,23,27,27,26,26,20,21,16,16,10,9,6,5,,,,
Lago,4041649073,-3734850338,Linea 10,1.580.090,,,,,,,,,,,,,,,,6,5,7,7,10,10,12,13,17,17,23,23,27,27,26,26,20,21,16,16,10,9,6,5,,,,
Batán,4040766826,-3753003529,Linea 10,2.761.043,,,,,,,,,,,,,,,,6,5,7,7,10,10,12,13,17,17,23,23,27,27,26,26,20,21,16,16,10,9,6,5,,,,
Casa de Campo,4040322022,-376100355,Linea 10,7.956.621,,,,,,,,,,,,,,,,6,5,7,7,10,10,12,13,17,17,23,23,27,27,26,26,20,21,16,16,10,9,6,5,,,,
Colonia Jardín,403972105,-3774847439,Linea 10,7.775.374,,,,,,,,,,,,,,,,6,5,7,7,10,10,12,13,17,17,23,23,27,27,26,26,20,21,16,16,10,9,6,5,,,,
Aviación Española,4038375966,-378387852,Linea 10,2.164.440,,,,,,,,,,,,,,,,6,5,7,7,10,10,12,13,17,17,23,23,27,27,26,26,20,21,16,16,10,9,6,5,,,,
Cuatro Vientos,4037771182,-3790830806,Linea 10,2.661.058,,,,,,,,,,,,,,,,6,5,7,7,10,10,12,13,17,17,23,23,27,27,26,26,20,21,16,16,10,9,6,5,,,,
Joaquín Vilumbrales,4034969638,-3807594439,Linea 10,2.132.029,,,,,,,,,,,,,,,,6,5,7,7,10,10,12,13,17,17,23,23,27,27,26,26,20,21,16,16,10,9,6,5,,,,
Puerta del Sur,4034518279,-3812272211,Linea 10,9.279.478,,,,,,,,,,,,,,,,6,5,7,7,10,10,12,13,17,17,23,23,27,27,26,26,20,21,16,16,10,9,6,5,,,,
Plaza Elíptica,4038449275,-3718381091,Linea 11,16.365.931,,,,,,,,,,,,,,,,6,5,7,7,10,10,12,13,17,17,23,23,27,27,26,26,20,21,16,16,10,9,6,5,,,,
Abrantes,4038058188,-3728294283,Linea 11,1.278.061,,,,,,,,,,,,,,,,6,5,7,7,10,10,12,13,17,17,23,23,27,27,26,26,20,21,16,16,10,9,6,5,,,,
Pan Bendito,403758742,-3734388262,Linea 11,845.508,,,,,,,,,,,,,,,,6,5,7,7,10,10,12,13,17,17,23,23,27,27,26,26,20,21,16,16,10,9,6,5,,,,
San Francisco,4037374797,-3739701628,Linea 11,1.593.949,,,,,,,,,,,,,,,,6,5,7,7,10,10,12,13,17,17,23,23,27,27,26,26,20,21,16,16,10,9,6,5,,,,
Carabanchel Alto,4037208053,-3751846671,Linea 11,1.602.522,,,,,,,,,,,,,,,,6,5,7,7,10,10,12,13,17,17,23,23,27,27,26,26,20,21,16,16,10,9,6,5,,,,
La Peseta,4036325224,-3757339835,Linea 11,1.314.439,Salvador Allende Park,Groen Physiotherapy and Rehabilitation,Cinco Lobitos Infant School,210,650,400,3,9,6,40.36384406,-3.756744475,40.36423734,-3.753317664,40.36493086,-3.754453858,6,5,7,7,10,10,12,13,17,17,23,23,27,27,26,26,20,21,16,16,10,9,6,5,,,,
La Fortuna,4035807336,-3777716821,Linea 11,1.010.654,,,,,,,,,,,,,,,,6,5,7,7,10,10,12,13,17,17,23,23,27,27,26,26,20,21,16,16,10,9,6,5,,,,
Puerta del Sur,4034518279,-3812272211,Linea 12,9.279.478,,,,,,,,,,,,,,,,6,5,7,7,10,10,12,13,17,17,23,23,27,27,26,26,20,21,16,16,10,9,6,5,,,,
Parque Lisboa,4034970814,-3821173702,Linea 12,1.641.098,,,,,,,,,,,,,,,,6,5,7,7,10,10,12,13,17,17,23,23,27,27,26,26,20,21,16,16,10,9,6,5,,,,
Alcorcón Central,4035023144,-3832117115,Linea 12,2.948.869,,,,,,,,,,,,,,,,6,5,7,7,10,10,12,13,17,17,23,23,27,27,26,26,20,21,16,16,10,9,6,5,,,,
Parque Oeste,4034601225,-3849326168,Linea 12,1.646.062,,,,,,,,,,,,,,,,6,5,7,7,10,10,12,13,17,17,23,23,27,27,26,26,20,21,16,16,10,9,6,5,,,,
Universidad Rey Juan Carlos,4033475981,-3872114216,Linea 12,1.818.444,,,,,,,,,,,,,,,,6,5,7,7,10,10,12,13,17,17,23,23,27,27,26,26,20,21,16,16,10,9,6,5,,,,
Móstoles Central,4032860942,-3864131962,Linea 12,3.156.797,,,,,,,,,,,,,,,,6,5,7,7,10,10,12,13,17,17,23,23,27,27,26,26,20,21,16,16,10,9,6,5,,,,
Pradillo,4032150961,-3864646946,Linea 12,2.298.067,,,,,,,,,,,,,,,,6,5,7,7,10,10,12,13,17,17,23,23,27,27,26,26,20,21,16,16,10,9,6,5,,,,
Hospital de Móstoles,4031637241,-3874646221,Linea 12,2.148.128,,,,,,,,,,,,,,,,6,5,7,7,10,10,12,13,17,17,23,23,27,27,26,26,20,21,16,16,10,9,6,5,,,,
Manuela Malasaña,4030897678,-3864003216,Linea 12,1.104.940,,,,,,,,,,,,,,,,6,5,7,7,10,10,12,13,17,17,23,23,27,27,26,26,20,21,16,16,10,9,6,5,,,,
Loranca,4029642607,-3837545586,Linea 12,1.831.020,Holy Family Parish,Clínica Dental Vitaldent,Public school Fregacedos,290,92,300,4,1,5,40.2977502,-3.838115981,40.29711255,-3.838179736,40.29661346,-3.833823811,6,5,7,7,10,10,12,13,17,17,23,23,27,27,26,26,20,21,16,16,10,9,6,5,,,,
Hospital de Fuenlabrada,4028571471,-3816651978,Linea 12,1.423.892,,,,,,,,,,,,,,,,6,5,7,7,10,10,12,13,17,17,23,23,27,27,26,26,20,21,16,16,10,9,6,5,,,,
Parque Europa,402850927,-3806051888,Linea 12,1.238.822,,,,,,,,,,,,,,,,6,5,7,7,10,10,12,13,17,17,23,23,27,27,26,26,20,21,16,16,10,9,6,5,,,,
Fuenlabrada Central,4028263735,-3798799195,Linea 12,2.664.753,,,,,,,,,,,,,,,,6,5,7,7,10,10,12,13,17,17,23,23,27,27,26,26,20,21,16,16,10,9,6,5,,,,
Parque de los Estados,4028659861,-3787373234,Linea 12,1.485.725,,,,,,,,,,,,,,,,6,5,7,7,10,10,12,13,17,17,23,23,27,27,26,26,20,21,16,16,10,9,6,5,,,,
Arroyo Culebro,4028898427,-3756823261,Linea 12,426.25,,,,,,,,,,,,,,,,6,5,7,7,10,10,12,13,17,17,23,23,27,27,26,26,20,21,16,16,10,9,6,5,,,,
Conservatorio,4029346889,-374613734,Linea 12,1.227.073,,,,,,,,,,,,,,,,6,5,7,7,10,10,12,13,17,17,23,23,27,27,26,26,20,21,16,16,10,9,6,5,,,,
Alonso de Mendoza,4030080076,-3736383132,Linea 12,1.414.695,,,,,,,,,,,,,,,,6,5,7,7,10,10,12,13,17,17,23,23,27,27,26,26,20,21,16,16,10,9,6,5,,,,
Getafe Central,4030989903,-3733293227,Linea 12,4.289.802,,,,,,,,,,,,,,,,6,5,7,7,10,10,12,13,17,17,23,23,27,27,26,26,20,21,16,16,10,9,6,5,,,,
Juan de la Cierva,4031176435,-3722435645,Linea 12,2.775.456,,,,,,,,,,,,,,,,6,5,7,7,10,10,12,13,17,17,23,23,27,27,26,26,20,21,16,16,10,9,6,5,,,,
El Casar,403185707,-3709689788,Linea 12,2.435.264,,,,,,,,,,,,,,,,6,5,7,7,10,10,12,13,17,17,23,23,27,27,26,26,20,21,16,16,10,9,6,5,,,,
Los Espartales,4032427584,-3718084615,Linea 12,966.19,,,,,,,,,,,,,,,,6,5,7,7,10,10,12,13,17,17,23,23,27,27,26,26,20,21,16,16,10,9,6,5,,,,
El Bercial,4032928157,-3729757589,Linea 12,1.040.043,,,,,,,,,,,,,,,,6,5,7,7,10,10,12,13,17,17,23,23,27,27,26,26,20,21,16,16,10,9,6,5,,,,
El Carrascal,4033673743,-3740162613,Linea 12,2.457.703,,,,,,,,,,,,,,,,6,5,7,7,10,10,12,13,17,17,23,23,27,27,26,26,20,21,16,16,10,9,6,5,,,,
Julián Besteiro,4033453117,-3752479316,Linea 12,1.907.942,,,,,,,,,,,,,,,,6,5,7,7,10,10,12,13,17,17,23,23,27,27,26,26,20,21,16,16,10,9,6,5,,,,
Casa del Reloj,4032654275,-3759498447,Linea 12,1.775.659,,,,,,,,,,,,,,,,6,5,7,7,10,10,12,13,17,17,23,23,27,27,26,26,20,21,16,16,10,9,6,5,,,,
Hospital Severo Ochoa,4032178703,-3768687361,Linea 12,1.277.841,Leganés Sculpture Museum,Hospital Universitario Severo Ochoa,Albert's English School,950,66,550,12,1,8,40.32586418,-3.75767933,40.32036295,-3.769514165,40.32443595,-3.763947054,6,5,7,7,10,10,12,13,17,17,23,23,27,27,26,26,20,21,16,16,10,9,6,5,,,,
Leganés Central,4032852952,-3771458787,Linea 12,3.122.976,,,,,,,,,,,,,,,,6,5,7,7,10,10,12,13,17,17,23,23,27,27,26,26,20,21,16,16,10,9,6,5,,,,
San Nicasio,40336152,-3775814695,Linea 12,1.825.184,,,,,,,,,,,,,,,,6,5,7,7,10,10,12,13,17,17,23,23,27,27,26,26,20,21,16,16,10,9,6,5,,,,
Puerta del Sur,4034518279,-3812272211,Linea 12,9.279.478,,,,,,,,,,,,,,,,6,5,7,7,10,10,12,13,17,17,23,23,27,27,26,26,20,21,16,16,10,9,6,5,,,,
,,,,,,,,,,,,,,,,,,,,,5,,,,,,,,,,,,,,,,,,,,,,,,,,